<?xml version="1.0" encoding="UTF-8"?>
<project-private xmlns="http://www.netbeans.org/ns/project-private/1">
    <editor-bookmarks xmlns="http://www.netbeans.org/ns/editor-bookmarks/2" lastBookmarkId="0"/>
    <open-files xmlns="http://www.netbeans.org/ns/projectui-open-files/2">
        <group>
            <file>file:/D:/SNSD/sem%205/PITA/PITA/src/java/crudroom/RoomsDao.java</file>
            <file>file:/D:/SNSD/sem%205/PITA/PITA/web/css/background.css</file>
            <file>file:/D:/SNSD/sem%205/PITA/PITA/web/registration.jsp</file>
            <file>file:/D:/SNSD/sem%205/PITA/PITA/web/room/addroom.jsp</file>
            <file>file:/D:/SNSD/sem%205/PITA/PITA/web/room/editroom.jsp</file>
            <file>file:/D:/SNSD/sem%205/PITA/PITA/web/room.jsp</file>
        </group>
    </open-files>
</project-private>
